{"cameraMode":{"drawMode":0,"name":"Shaded","section":"Shading Mode"},"sceneLighting":true,"audioPlay":false,"sceneViewState":{"showFog":true,"showMaterialUpdate":false,"showSkybox":false,"showFlares":true,"showImageEffects":true,"showParticleSystems":true,"showVisualEffectGraphs":true,"m_FxEnabled":true},"in2DMode":false,"pivot":{"x":0.8112530708312988,"y":-0.030292868614196779,"z":0.00267183780670166},"rotation":{"x":0.07018406689167023,"y":0.8836747407913208,"z":-0.44100743532180788,"w":0.14060524106025697},"size":12.561478614807129,"orthographic":true}